{
  "Algeria": "Africa",
  "Angola": "Africa",
  "Benin": "Africa",
  "Botswana": "Africa",
  "Burkina Faso": "Africa",
  "Burundi": "Africa",
  "Cameroon": "Africa",
  "Cape Verde": "Africa",
  "Central African Republic": "Africa",
  "Chad": "Africa",
  "Comoros": "Africa",
  "Democratic Republic of the Congo": "Africa",
  "Congo, Democratic Republic of the": "Africa",
  "Republic of the Congo": "Africa",
  "Congo, Republic of the": "Africa",
  "Ivory Coast": "Africa",
  "C\u00f4te d'Ivoire": "Africa",
  "Djibouti": "Africa",
  "Egypt": "Asia",
  "Equatorial Guinea": "Africa",
  "Eritrea": "Africa",
  "Eswatini": "Africa",
  "Ethiopia": "Africa",
  "Gabon": "Africa",
  "The Gambia": "Africa",
  "Gambia, The": "Africa",
  "Ghana": "Africa",
  "Guinea": "Africa",
  "Guinea-Bissau": "Africa",
  "Kenya": "Africa",
  "Lesotho": "Africa",
  "Liberia": "Africa",
  "Libya": "Africa",
  "Madagascar": "Africa",
  "Malawi": "Africa",
  "Mali": "Africa",
  "Mauritania": "Africa",
  "Mauritius": "Africa",
  "Morocco": "Africa",
  "Mozambique": "Africa",
  "Namibia": "Africa",
  "Niger": "Africa",
  "Nigeria": "Africa",
  "Rwanda": "Africa",
  "S\u00e3o Tom\u00e9 and Pr\u00edncipe": "Africa",
  "Senegal": "Africa",
  "Seychelles": "Africa",
  "Sierra Leone": "Africa",
  "Somalia": "Africa",
  "South Africa": "Africa",
  "South Sudan": "Africa",
  "Sudan": "Africa",
  "Tanzania": "Africa",
  "Togo": "Africa",
  "Tunisia": "Africa",
  "Uganda": "Africa",
  "Zambia": "Africa",
  "Zimbabwe": "Africa",
  "Western Sahara": "Africa",
  "Somaliland": "Africa",
  "Bouvet Island": "South America",
  "British Indian Ocean Territory": "Asia",
  "French Southern and Antarctic Lands": "Oceania",
  "Heard Island and McDonald Islands": "Oceania",
  "Mayotte": "Africa",
  "R\u00e9union": "Africa",
  "Saint Helena, Ascension and Tristan da Cunha": "South America",
  "Afghanistan": "Asia",
  "Armenia": "Europe",
  "Azerbaijan": "Europe",
  "Bahrain": "Asia",
  "Bangladesh": "Asia",
  "Bhutan": "Asia",
  "Brunei": "Asia",
  "Cambodia": "Asia",
  "China": "Asia",
  "Cyprus": "Europe",
  "East Timor": "Asia",
  "Georgia (country)": "Europe",
  "Georgia": "Europe",
  "India": "Asia",
  "Indonesia": "Oceania",
  "Iran": "Asia",
  "Iraq": "Asia",
  "Israel": "Asia",
  "Japan": "Asia",
  "Jordan": "Asia",
  "Kazakhstan": "Europe",
  "North Korea": "Asia",
  "Korea, North": "Asia",
  "South Korea": "Asia",
  "Korea, South": "Asia",
  "Kuwait": "Asia",
  "Kyrgyzstan": "Asia",
  "Laos": "Asia",
  "Lebanon": "Asia",
  "Malaysia": "Asia",
  "Maldives": "Asia",
  "Mongolia": "Asia",
  "Myanmar": "Asia",
  "Nepal": "Asia",
  "Oman": "Asia",
  "Pakistan": "Asia",
  "State of Palestine": "Asia",
  "Palestine": "Asia",
  "Philippines": "Asia",
  "Qatar": "Asia",
  "Russia": "Europe",
  "Saudi Arabia": "Asia",
  "Singapore": "Asia",
  "Sri Lanka": "Asia",
  "Syria": "Asia",
  "Taiwan": "Asia",
  "Tajikistan": "Asia",
  "Thailand": "Asia",
  "Turkey": "Europe",
  "Turkmenistan": "Asia",
  "United Arab Emirates": "Asia",
  "Uzbekistan": "Asia",
  "Vietnam": "Asia",
  "Yemen": "Asia",
  "Abkhazia": "Europe",
  "Northern Cyprus": "Europe",
  "South Ossetia": "Europe",
  "Akrotiri and Dhekelia": "Europe",
  "Ashmore and Cartier Islands": "Oceania",
  "Christmas Island": "Oceania",
  "Cocos (Keeling) Islands": "Oceania",
  "Hong Kong": "Asia",
  "Macau": "Asia",
  "Albania": "Europe",
  "Andorra": "Europe",
  "Austria": "Europe",
  "Belarus": "Europe",
  "Belgium": "Europe",
  "Bosnia and Herzegovina": "Europe",
  "Bulgaria": "Europe",
  "Croatia": "Europe",
  "Czech Republic": "Europe",
  "Denmark": "Europe",
  "Estonia": "Europe",
  "Finland": "Europe",
  "France": "Europe",
  "Germany": "Europe",
  "Greece": "Europe",
  "Hungary": "Europe",
  "Iceland": "Europe",
  "Republic of Ireland": "Europe",
  "Ireland": "Europe",
  "Italy": "Europe",
  "Latvia": "Europe",
  "Liechtenstein": "Europe",
  "Lithuania": "Europe",
  "Luxembourg": "Europe",
  "Malta": "Europe",
  "Moldova": "Europe",
  "Monaco": "Europe",
  "Montenegro": "Europe",
  "Kingdom of the Netherlands": "Europe",
  "Netherlands": "Europe",
  "North Macedonia": "Europe",
  "Norway": "Europe",
  "Poland": "Europe",
  "Portugal": "Europe",
  "Romania": "Europe",
  "San Marino": "Europe",
  "Serbia": "Europe",
  "Slovakia": "Europe",
  "Slovenia": "Europe",
  "Spain": "Europe",
  "Sweden": "Europe",
  "Switzerland": "Europe",
  "Ukraine": "Europe",
  "United Kingdom": "Europe",
  "Vatican City": "Europe",
  "Kosovo": "Europe",
  "Transnistria": "Europe",
  "Faroe Islands": "Europe",
  "Gibraltar": "Europe",
  "Greenland": "North America",
  "Bailiwick of Guernsey": "Europe",
  "Guernsey, Bailiwick of": "Europe",
  "Isle of Man": "Europe",
  "Jan Mayen": "Europe",
  "Jersey": "Europe",
  "Svalbard": "Europe",
  "\u00c5land": "Europe",
  "Antigua and Barbuda": "North America",
  "The Bahamas": "North America",
  "Bahamas, The": "North America",
  "Barbados": "North America",
  "Belize": "North America",
  "Canada": "North America",
  "Costa Rica": "North America",
  "Cuba": "North America",
  "Dominica": "North America",
  "Dominican Republic": "North America",
  "El Salvador": "North America",
  "Grenada": "North America",
  "Guatemala": "North America",
  "Haiti": "North America",
  "Honduras": "North America",
  "Jamaica": "North America",
  "Mexico": "North America",
  "Nicaragua": "North America",
  "Panama": "North America",
  "Saint Kitts and Nevis": "North America",
  "Saint Lucia": "North America",
  "Saint Vincent and the Grenadines": "North America",
  "Trinidad and Tobago": "North America",
  "United States": "North America",
  "Anguilla": "North America",
  "Aruba": "North America",
  "Bermuda": "North America",
  "Bonaire": "North America",
  "British Virgin Islands": "North America",
  "Cayman Islands": "North America",
  "Clipperton Island": "Oceania",
  "Cura\u00e7ao": "North America",
  "Guadeloupe": "North America",
  "Martinique": "North America",
  "Montserrat": "North America",
  "Navassa Island": "North America",
  "Puerto Rico": "North America",
  "Saba (island)": "North America",
  "Saba": "North America",
  "Saint Barth\u00e9lemy": "North America",
  "Collectivity of Saint Martin": "North America",
  "Saint Martin": "North America",
  "Saint Pierre and Miquelon": "North America",
  "Sint Eustatius": "North America",
  "Sint Maarten": "North America",
  "Turks and Caicos Islands": "North America",
  "United States Virgin Islands": "North America",
  "Australia": "Oceania",
  "Fiji": "Oceania",
  "Kiribati": "Oceania",
  "Marshall Islands": "Oceania",
  "Federated States of Micronesia": "Oceania",
  "Micronesia": "Oceania",
  "Nauru": "Oceania",
  "New Zealand": "Oceania",
  "Palau": "Oceania",
  "Papua New Guinea": "Oceania",
  "Samoa": "Oceania",
  "Solomon Islands": "Oceania",
  "Tonga": "Oceania",
  "Tuvalu": "Oceania",
  "Vanuatu": "Oceania",
  "Cook Islands": "Oceania",
  "Niue": "Oceania",
  "American Samoa": "Oceania",
  "Baker Island": "Oceania",
  "Coral Sea Islands": "Oceania",
  "French Polynesia": "Oceania",
  "Guam": "Oceania",
  "Hawaii": "Oceania",
  "Howland Island": "Oceania",
  "Jarvis Island": "Oceania",
  "Johnston Atoll": "Oceania",
  "Kingman Reef": "Oceania",
  "Midway Atoll": "Oceania",
  "New Caledonia": "Oceania",
  "Norfolk Island": "Oceania",
  "Northern Mariana Islands": "Oceania",
  "Palmyra Atoll": "Oceania",
  "Pitcairn Islands": "Oceania",
  "Tokelau": "Oceania",
  "Wake Island": "Oceania",
  "Wallis and Futuna": "Oceania",
  "Argentina": "South America",
  "Bolivia": "South America",
  "Brazil": "South America",
  "Chile": "South America",
  "Colombia": "South America",
  "Ecuador": "South America",
  "Guyana": "South America",
  "Paraguay": "South America",
  "Peru": "South America",
  "Suriname": "South America",
  "Uruguay": "South America",
  "Venezuela": "South America",
  "Falkland Islands": "South America",
  "Falklands": "South America",
  "French Guiana": "South America",
  "South Georgia and the South Sandwich Islands": "South America",
  "DR Congo": "Africa",
  "Congo": "Africa",
  "Bahamas": "North America",
  "Gambia": "Africa"
}
